,name,assist_percentage,assists,block_percentage,blocks,box_plus_minus,conference,defensive_box_plus_minus,defensive_rebound_percentage,defensive_rebounds,defensive_win_shares,effective_field_goal_percentage,field_goal_attempts,field_goal_percentage,field_goals,free_throw_attempt_rate,free_throw_attempts,free_throw_percentage,free_throws,games_played,games_started,height,minutes_played,offensive_box_plus_minus,offensive_rebound_percentage,offensive_rebounds,offensive_win_shares,personal_fouls,player_efficiency_rating,player_id,points,points_produced,position,steal_percentage,steals,team_abbreviation,three_point_attempt_rate,three_point_attempts,three_point_percentage,three_pointers,total_rebound_percentage,total_rebounds,true_shooting_percentage,turnover_percentage,turnovers,two_point_attempts,two_point_percentage,two_pointers,usage_percentage,weight,win_shares,win_shares_per_40_minutes
2021-22,Kofi Cockburn,6.6,22,3.0,27,9.3,big-ten,2.0,25.6,201,1.8,0.593,381,0.593,226,0.533,203,0.655,133,28,28,,859,7.4,12.8,95,3.5,67,32.1,kofi-cockburn-1,585,511.0,Center,1.6,23,illinois,0.0,0,,0,19.4,296,0.613,12.0,65,381,0.593,226,32.0,,5.3,0.247
2021-22,Alfonso Plummer,7.1,35,0.0,0,4.7,big-ten,0.4,7.7,70,1.0,0.559,363,0.424,154,0.24,87,0.874,76,33,29,,995,4.3,1.3,11,2.8,52,16.2,alfonso-plummer-1,482,399.0,Guard,0.6,10,illinois,0.661,240,0.408,98,4.6,81,0.596,9.6,43,123,0.455,56,22.8,,3.7,0.15
2021-22,Trent Frazier,21.8,126,0.4,4,5.6,big-ten,3.0,7.1,70,1.4,0.5,305,0.397,121,0.216,66,0.833,55,31,30,,1076,2.5,1.8,17,2.2,62,14.7,trent-fraizer-1,360,374.0,Guard,2.2,41,illinois,0.63,192,0.328,63,4.6,87,0.535,14.1,55,113,0.513,58,18.4,,3.6,0.135
2021-22,Jacob Grandison,17.9,69,0.6,5,7.0,big-ten,2.0,12.0,82,0.9,0.578,224,0.455,102,0.152,34,0.824,28,30,23,,751,5.0,5.1,33,2.1,52,17.1,jacob-grandison-1,287,280.0,Guard,0.8,10,illinois,0.598,134,0.41,55,8.6,115,0.598,13.4,37,90,0.522,47,18.7,,3.0,0.159
2021-22,Coleman Hawkins,14.8,50,2.6,17,6.1,big-ten,4.2,16.4,94,1.2,0.503,154,0.442,68,0.39,60,0.65,39,33,14,,627,1.9,8.7,47,0.9,62,16.1,coleman-hawkins-1,194,212.0,Forward,2.4,26,illinois,0.422,65,0.292,19,12.7,141,0.532,19.8,45,89,0.551,49,18.4,,2.1,0.133
2021-22,Andre Curbelo,31.7,60,0.5,2,-1.7,big-ten,1.7,14.0,47,0.6,0.349,149,0.329,49,0.342,51,0.745,38,19,4,,367,-3.4,3.5,11,-0.4,44,8.6,andre-curbelo-1,142,163.0,Guard,2.2,14,illinois,0.228,34,0.176,6,8.9,58,0.41,23.4,53,115,0.374,43,31.2,,0.2,0.025
2021-22,Da'Monte Williams,14.1,81,1.1,11,4.3,big-ten,4.0,15.1,131,1.5,0.4,140,0.307,43,0.229,32,0.531,17,33,30,,949,0.3,4.0,33,0.6,57,8.9,demonte-williams-1,129,172.0,Guard,1.7,27,illinois,0.571,80,0.325,26,9.7,164,0.416,16.2,30,60,0.283,17,9.9,,2.1,0.087
2021-22,RJ Melendez,16.2,15,1.5,3,11.5,big-ten,4.0,16.4,28,0.3,0.657,51,0.569,29,0.392,20,0.85,17,22,1,,187,7.5,5.6,9,0.7,12,24.2,rj-melendez-1,84,78.0,Guard,1.9,6,illinois,0.294,15,0.6,9,11.1,37,0.694,14.2,10,36,0.556,20,19.1,,1.0,0.222
2021-22,Omar Payne,3.8,5,9.7,24,1.5,big-ten,5.8,15.7,34,0.5,0.618,34,0.618,21,0.824,28,0.536,15,32,3,,237,-4.4,9.3,19,0.2,58,12.1,omar-payne-1,57,58.0,Forward,0.7,3,illinois,0.0,0,,0,12.6,53,0.603,27.6,18,34,0.618,21,14.0,,0.6,0.107
2021-22,Luke Goode,10.4,15,1.5,4,2.9,big-ten,1.7,14.5,33,0.3,0.473,55,0.327,18,0.109,6,0.667,4,28,0,,249,1.2,7.5,16,0.3,24,9.8,luke-goode-1,56,62.0,Guard,0.2,1,illinois,0.782,43,0.372,16,11.1,49,0.484,13.5,9,12,0.167,2,13.6,,0.6,0.101
2021-22,Benjamin Bosmans-Verdonk,14.4,15,0.0,0,3.2,big-ten,3.1,15.2,26,0.3,0.472,36,0.472,17,0.472,17,0.294,5,24,2,,187,0.1,15.5,25,0.3,33,13.9,benjamin-bosmans-verdonk-1,39,54.0,Forward,2.2,7,illinois,0.0,0,,0,15.4,51,0.442,10.2,5,36,0.472,17,13.3,,0.6,0.138
2021-22,Brandin Podziemski,13.6,5,0.0,0,0.1,big-ten,1.9,20.6,13,0.1,0.5,19,0.421,8,0.211,4,0.75,3,16,0,,69,-1.8,3.4,2,0.1,7,12.1,brandin-podziemski-1,22,22.0,Guard,0.9,1,illinois,0.684,13,0.231,3,12.2,15,0.526,16.1,4,6,0.833,5,18.3,,0.2,0.112
2021-22,Austin Hutcherson,5.5,2,1.6,1,-1.8,big-ten,1.4,10.8,6,0.1,0.375,8,0.375,3,0.875,7,0.714,5,4,1,,61,-3.2,3.8,2,-0.1,4,5.0,austin-hutcherson-1,11,12.0,Guard,1.9,2,illinois,0.5,4,0.0,0,7.4,8,0.486,34.6,6,4,0.75,3,14.4,,0.0,0.021
2021-22,Brandon Lieb,8.6,1,4.0,1,3.8,big-ten,2.0,13.7,3,0.0,0.8,5,0.8,4,0.2,1,0.0,0,10,0,,24,1.7,19.3,4,0.1,4,21.9,brandon-lieb-1,8,8.0,Center,0.0,0,illinois,0.0,0,,0,16.4,7,0.731,15.4,1,5,0.8,4,13.7,,0.1,0.187
2021-22,Connor Serven,0.0,0,0.0,0,-6.4,big-ten,-0.7,9.1,1,0.0,0.0,1,0.0,0,0.0,0,,0,6,0,,12,-5.8,0.0,0,0.0,0,-2.5,connor-serven-1,0,0.0,Forward,0.0,0,illinois,1.0,1,0.0,0,4.7,1,0.0,0.0,0,0,,0,4.2,,0.0,-0.02
2021-22,Trayce Jackson-Davis,13.9,66,8.5,81,11.6,big-ten,4.2,20.4,206,2.3,0.589,418,0.589,246,0.522,218,0.674,147,35,35,,1129,7.4,8.3,78,4.4,66,29.9,trayce-jackson-davis-1,639,591.0,Forward,1.1,22,indiana,0.007,3,0.0,0,14.6,284,0.613,10.2,59,415,0.593,246,26.8,,6.8,0.239
2021-22,Xavier Johnson,36.6,172,0.6,5,5.4,big-ten,2.5,13.1,110,1.6,0.461,323,0.406,131,0.455,147,0.782,115,34,34,,942,2.9,2.3,18,1.8,88,18.7,xavier-johnson-2,413,456.0,Guard,2.5,40,indiana,0.291,94,0.383,36,7.9,128,0.526,18.8,91,229,0.415,95,26.7,,3.4,0.143
2021-22,Race Thompson,10.4,50,2.8,24,7.2,big-ten,3.4,21.7,193,2.1,0.561,293,0.536,157,0.304,89,0.652,58,35,35,,997,3.8,8.4,70,2.2,77,20.8,race-thompson-1,387,374.0,Forward,2.2,37,indiana,0.188,55,0.273,15,15.3,263,0.577,12.5,48,238,0.597,142,20.0,,4.3,0.172
2021-22,Parker Stewart,7.2,33,0.3,2,1.0,big-ten,1.9,9.0,67,1.0,0.516,187,0.374,70,0.15,28,0.643,18,34,31,,830,-0.9,0.7,5,0.7,87,7.7,parker-stewart-1,211,187.0,Guard,1.0,14,indiana,0.722,135,0.393,53,5.0,72,0.527,10.7,24,52,0.327,17,14.1,,1.7,0.08
2021-22,Miller Kopp,7.5,37,1.2,9,1.0,big-ten,1.8,9.8,77,1.1,0.456,194,0.356,69,0.191,37,0.865,32,35,35,,879,-0.8,1.6,12,0.4,58,8.0,miller-kopp-1,209,197.0,Forward,1.0,15,indiana,0.557,108,0.361,39,5.9,89,0.494,13.1,32,86,0.349,30,14.4,,1.5,0.07
2021-22,Jordan Geronimo,4.2,9,6.6,24,3.3,big-ten,2.7,20.6,79,0.9,0.559,110,0.518,57,0.4,44,0.568,25,34,0,,429,0.6,11.8,42,0.5,49,17.2,jordan-geronimo-1,148,146.0,Forward,1.2,9,indiana,0.264,29,0.31,9,16.4,121,0.565,19.1,31,81,0.593,48,19.6,,1.4,0.129
2021-22,Tamar Bates,7.9,20,1.0,4,-0.8,big-ten,1.2,8.0,33,0.5,0.404,130,0.338,44,0.185,24,0.833,20,32,0,,465,-2.0,1.8,7,-0.1,31,6.6,tamar-bates-1,125,118.0,Guard,1.0,8,indiana,0.438,57,0.298,17,5.0,40,0.442,13.5,22,73,0.37,27,18.3,,0.5,0.04
2021-22,Rob Phinisee,17.3,43,1.3,5,1.0,big-ten,3.1,10.1,41,0.7,0.38,138,0.312,43,0.123,17,0.412,7,25,0,,457,-2.1,2.9,11,-0.2,37,8.1,rob-phinisee-1,112,123.0,Guard,2.6,20,indiana,0.522,72,0.264,19,6.6,52,0.383,13.6,23,66,0.364,24,19.3,,0.5,0.043
2021-22,Trey Galloway,16.3,36,1.4,5,1.8,big-ten,3.7,7.5,28,0.6,0.495,97,0.464,45,0.206,20,0.65,13,20,3,,416,-1.8,1.4,5,0.1,39,10.3,trey-galloway-1,109,110.0,Guard,2.6,18,indiana,0.289,28,0.214,6,4.6,33,0.512,20.2,27,69,0.565,39,16.7,,0.8,0.074
2021-22,Michael Durr,11.4,14,3.9,7,-0.9,big-ten,3.3,11.1,21,0.3,0.382,34,0.382,13,0.765,26,0.731,19,30,0,,212,-4.2,5.7,10,0.0,40,7.1,michael-durr-1,45,53.0,Forward,0.8,3,indiana,0.088,3,0.0,0,8.5,31,0.485,24.4,15,31,0.419,13,15.1,,0.4,0.067
2021-22,Khristian Lander,20.2,12,1.0,1,-3.9,big-ten,1.6,9.7,10,0.2,0.516,31,0.452,14,0.258,8,0.75,6,13,0,,115,-5.5,0.0,0,-0.1,19,5.9,khristian-lander-1,38,37.0,Guard,2.1,4,indiana,0.387,12,0.333,4,5.0,10,0.546,34.1,18,19,0.526,10,23.9,,0.0,0.009
2021-22,Anthony Leal,18.1,18,0.7,1,3.1,big-ten,4.1,9.1,14,0.2,0.537,27,0.407,11,0.222,6,0.667,4,17,2,,173,-0.9,1.4,2,0.2,14,10.4,anthony-leal-1,33,38.0,Guard,2.0,6,indiana,0.815,22,0.318,7,5.4,16,0.553,19.0,7,5,0.8,4,11.1,,0.4,0.102
2021-22,Logan Duncomb,9.3,1,5.9,1,0.2,big-ten,3.2,16.8,3,0.0,0.5,4,0.5,2,0.5,2,1.0,2,9,0,,20,-3.1,18.0,3,0.0,3,16.1,logan-duncomb-1,6,7.0,Center,2.9,1,indiana,0.0,0,,0,17.4,6,0.606,37.7,3,4,0.5,2,20.7,,0.1,0.108
2021-22,Nathan Childress,0.0,0,0.0,0,3.3,big-ten,4.0,50.9,5,0.0,0.75,2,0.5,1,0.0,0,,0,3,0,,11,-0.7,0.0,0,0.0,1,10.9,nathan-childress-1,3,2.0,Forward,0.0,0,indiana,0.5,1,1.0,1,26.4,5,0.75,33.3,1,1,0.0,0,14.2,,0.0,0.094
2021-22,Keegan Murray,10.1,52,6.4,68,15.7,big-ten,2.7,20.2,203,2.0,0.614,554,0.554,307,0.343,190,0.747,142,35,35,,1116,13.0,9.8,100,6.6,65,37.8,keegan-murray-1,822,724.0,Forward,2.3,45,iowa,0.3,166,0.398,66,14.9,303,0.638,5.7,39,388,0.621,241,29.7,,8.7,0.311
2021-22,Jordan Bohannon,10.8,65,0.0,0,4.5,big-ten,0.4,4.9,43,0.7,0.541,291,0.385,112,0.309,90,0.889,80,36,36,,968,4.0,0.6,5,2.7,48,15.6,jordan-bohannon-1,395,355.0,Guard,1.6,27,iowa,0.818,238,0.382,91,2.7,48,0.592,8.7,32,53,0.396,21,18.4,,3.4,0.141
2021-22,Kris Murray,10.9,37,5.2,31,9.1,big-ten,2.6,16.6,94,1.1,0.562,259,0.479,124,0.293,76,0.645,49,35,1,,628,6.5,9.5,55,2.3,87,26.1,kris-murray-1,340,320.0,Forward,2.6,29,iowa,0.429,111,0.387,43,13.0,149,0.576,8.4,27,148,0.547,81,24.9,,3.4,0.217
2021-22,Patrick McCaffery,11.2,50,2.0,15,5.7,big-ten,0.9,12.6,88,0.8,0.478,294,0.422,124,0.262,77,0.714,55,32,31,,774,4.8,3.7,26,1.8,23,18.0,patrick-mccaffery-1,336,315.0,Forward,1.4,19,iowa,0.34,100,0.33,33,8.1,114,0.508,6.0,21,194,0.469,91,22.1,,2.7,0.137
2021-22,Tony Perkins,15.3,59,0.5,3,3.9,big-ten,1.9,9.5,56,0.8,0.484,222,0.446,99,0.293,65,0.8,52,36,15,,657,2.0,5.3,32,1.5,62,17.6,tony-perkins-1,267,271.0,Guard,2.8,32,iowa,0.239,53,0.321,17,7.4,88,0.528,11.5,33,169,0.485,82,21.1,,2.3,0.142
2021-22,Filip Rebraca,5.4,26,3.3,24,2.3,big-ten,1.3,19.4,134,1.1,0.537,161,0.534,86,0.36,58,0.603,35,36,36,,768,1.0,9.6,68,1.4,83,15.0,filip-rebraca-1,208,223.0,Forward,1.0,14,iowa,0.037,6,0.167,1,14.5,202,0.552,14.1,31,155,0.548,85,13.9,,2.4,0.125
2021-22,Payton Sandfort,10.9,22,1.2,4,3.5,big-ten,-0.9,12.8,41,0.3,0.534,146,0.418,61,0.11,16,0.938,15,34,0,,357,4.4,7.3,24,1.0,29,18.8,payton-sandfort-1,171,161.0,Guard,0.8,5,iowa,0.637,93,0.366,34,10.0,65,0.557,9.4,16,53,0.509,27,23.1,,1.4,0.155
2021-22,Joe Toussaint,28.4,114,0.2,1,3.7,big-ten,3.7,8.0,45,1.0,0.454,142,0.423,60,0.218,31,0.839,26,36,21,,625,0.0,2.8,16,0.8,55,14.9,joe-toussaint-1,155,205.0,Guard,4.6,51,iowa,0.246,35,0.257,9,5.4,61,0.494,23.8,49,107,0.477,51,16.0,,1.7,0.112
2021-22,Ahron Ulis,22.5,73,0.0,0,0.8,big-ten,1.5,11.4,50,0.6,0.36,100,0.34,34,0.48,48,0.792,38,35,0,,485,-0.7,4.3,19,0.5,41,11.5,ahron-ulis-1,110,149.0,Guard,2.2,19,iowa,0.12,12,0.333,4,7.8,69,0.448,20.7,32,88,0.341,30,15.5,,1.1,0.087
2021-22,Connor McCaffery,16.2,65,0.0,0,3.7,big-ten,2.6,12.7,66,0.6,0.5,72,0.347,25,0.25,18,0.722,13,34,5,,578,1.1,3.6,19,1.0,53,10.5,connor-mccaffery-1,85,118.0,Guard,1.7,17,iowa,0.903,65,0.338,22,8.1,85,0.528,14.8,14,7,0.429,3,7.9,,1.6,0.109
2021-22,Austin Ash,26.6,11,0.0,0,1.9,big-ten,-3.1,9.8,7,0.0,0.538,39,0.436,17,0.359,14,0.714,10,18,0,,79,5.0,4.1,3,0.3,5,23.7,austin-ash-1,52,50.0,Guard,0.0,0,iowa,0.667,26,0.308,8,7.0,10,0.57,11.6,6,13,0.692,9,31.8,,0.4,0.191
2021-22,Josh Ogundele,0.0,0,5.4,5,-3.3,big-ten,1.6,18.1,16,0.2,0.542,24,0.542,13,0.417,10,0.3,3,19,0,,98,-4.9,8.9,8,0.0,19,10.4,josh-ogundele-1,29,27.0,Forward,2.3,4,iowa,0.0,0,,0,13.5,24,0.504,23.8,9,24,0.542,13,18.7,,0.1,0.052
2021-22,Riley Mulvey,3.6,2,6.3,5,-2.7,big-ten,0.9,14.7,11,0.1,0.5,12,0.5,6,0.333,4,1.0,4,17,0,,83,-3.6,5.3,4,0.1,12,9.1,riley-mulvey-1,16,17.0,Center,0.0,0,iowa,0.167,2,0.0,0,9.9,15,0.576,22.3,4,10,0.6,6,10.5,,0.2,0.08
2021-22,Luc Laketa,4.5,1,0.0,0,2.2,big-ten,1.6,3.3,1,0.0,0.75,6,0.5,3,0.0,0,,0,12,0,,34,0.6,3.2,1,0.0,1,10.8,luc-laketa-1,9,8.0,Guard,3.3,2,iowa,0.833,5,0.6,3,3.2,2,0.75,33.3,3,1,0.0,0,12.9,,0.1,0.066
2021-22,Fatts Russell,24.8,119,0.5,5,4.0,big-ten,1.3,12.7,117,1.0,0.469,390,0.41,160,0.382,149,0.785,117,32,31,,1044,2.7,1.6,14,2.0,78,18.4,fatts-russell-1,483,485.0,Guard,2.4,43,maryland,0.338,132,0.348,46,7.2,131,0.524,14.6,79,258,0.442,114,26.9,,3.0,0.114
2021-22,Eric Ayala,13.5,65,0.4,4,2.8,big-ten,-0.1,14.5,132,0.8,0.476,399,0.383,153,0.273,109,0.688,75,31,29,,1034,2.9,1.3,12,1.3,39,15.1,eric-ayala-1,455,421.0,Guard,1.4,24,maryland,0.546,218,0.339,74,8.0,144,0.505,11.7,60,181,0.436,79,25.7,,2.1,0.08
2021-22,Donta Scott,7.7,39,2.5,24,3.3,big-ten,0.8,15.4,145,1.0,0.485,337,0.427,144,0.282,95,0.8,76,32,31,,1066,2.5,5.8,53,1.7,63,16.4,donta-scott-1,403,387.0,Forward,1.4,26,maryland,0.398,134,0.291,39,10.7,198,0.527,12.0,52,203,0.517,105,21.2,,2.7,0.102
2021-22,Hakim Hart,12.0,60,1.3,12,6.9,big-ten,3.3,9.9,87,1.0,0.601,207,0.527,109,0.386,80,0.85,68,32,31,,995,3.6,3.2,27,2.7,54,18.7,hakim-hart-1,317,307.0,Guard,2.9,49,maryland,0.454,94,0.33,31,6.6,114,0.647,10.6,29,113,0.69,78,14.3,,3.7,0.15
2021-22,Qudus Wahab,4.2,12,4.3,24,2.4,big-ten,0.9,23.2,126,0.7,0.559,170,0.559,95,0.494,84,0.667,56,32,31,,617,1.5,10.2,54,1.2,62,19.7,qudus-wahab-1,246,238.0,Center,0.7,7,maryland,0.012,2,0.0,0,16.7,180,0.586,16.3,41,168,0.565,95,21.1,,2.0,0.128
2021-22,Julian Reese,4.7,13,4.5,23,0.2,big-ten,0.7,14.7,73,0.6,0.48,147,0.456,67,0.347,51,0.804,41,32,1,,565,-0.5,14.2,69,0.8,84,15.8,julian-reese-1,182,200.0,Forward,1.5,14,maryland,0.156,23,0.304,7,14.4,142,0.531,18.6,39,124,0.484,60,19.3,,1.4,0.1
2021-22,Ian Martinez,16.5,31,2.2,7,1.3,big-ten,3.9,13.3,41,0.5,0.378,82,0.329,27,0.293,24,0.708,17,28,1,,351,-2.7,1.7,5,-0.1,35,9.9,ian-martinez-2,79,87.0,Guard,3.7,22,maryland,0.366,30,0.267,8,7.5,46,0.423,19.8,23,52,0.365,19,17.2,,0.3,0.038
2021-22,Xavier Green,7.8,28,0.5,3,1.0,big-ten,1.9,10.4,58,0.4,0.458,72,0.375,27,0.208,15,0.6,9,32,4,,633,-0.9,4.0,22,0.3,46,6.9,xavier-green-1,75,90.0,Guard,1.5,16,maryland,0.458,33,0.364,12,7.3,80,0.474,16.8,16,39,0.385,15,7.8,,0.7,0.046
2021-22,Marcus Dockery,12.2,2,0.0,0,-3.2,big-ten,-2.6,3.2,1,0.0,0.5,12,0.417,5,0.25,3,0.667,2,8,0,,35,-0.6,6.6,2,0.1,4,11.9,marcus-dockery-1,14,14.0,Guard,0.0,0,maryland,0.583,7,0.286,2,4.9,3,0.521,13.0,2,5,0.6,3,22.9,,0.1,0.065
2021-22,Simon Wright,5.6,2,0.0,0,-3.5,big-ten,1.2,9.1,5,0.0,0.833,3,0.667,2,1.333,4,1.0,4,20,1,,62,-4.7,7.5,4,0.0,16,4.5,simon-wright-1,9,11.0,Forward,1.0,1,maryland,0.333,1,1.0,1,8.3,9,0.918,50.5,5,2,0.5,1,8.3,,0.1,0.052
2021-22,Pavlo Dziuba,0.0,0,0.0,0,-2.4,big-ten,1.8,6.9,2,0.0,0.5,3,0.333,1,0.0,0,,0,8,0,,33,-4.1,3.5,1,0.0,4,4.5,pavlo-dziuba-1,3,3.0,Forward,3.6,2,maryland,0.667,2,0.5,1,5.2,3,0.5,25.0,1,1,0.0,0,6.3,,0.0,0.034
2021-22,James Graham III,0.0,0,0.0,0,-9.8,big-ten,-6.0,0.0,0,0.0,0.0,1,0.0,0,2.0,2,1.0,2,1,0,,5,-3.8,23.2,1,0.0,0,10.2,james-grahamiii-1,2,2.0,Forward,0.0,0,maryland,1.0,1,0.0,0,11.5,1,0.513,33.9,1,0,,0,30.6,,0.0,-0.006
2021-22,Aidan McCool,32.7,1,0.0,0,11.5,big-ten,2.5,22.7,1,0.0,,0,,0,,2,1.0,2,3,0,,5,9.0,0.0,0,0.0,0,34.4,aidan-mccool-1,2,2.0,Guard,0.0,0,maryland,,0,,0,11.5,1,1.053,0.0,0,0,,0,9.9,,0.0,0.373
2021-22,Brett Karkus,0.0,0,0.0,0,-21.4,big-ten,-8.3,0.0,0,0.0,0.0,1,0.0,0,0.0,0,,0,2,0,,3,-13.2,0.0,0,0.0,0,-15.5,brett-karkus-1,0,0.0,Guard,0.0,0,maryland,1.0,1,0.0,0,0.0,0,0.0,0.0,0,0,,0,17.3,,0.0,-0.252
2021-22,Arnaud Revaz,0.0,0,0.0,0,-5.1,big-ten,-3.0,0.0,0,0.0,,0,,0,,0,,0,2,0,,3,-2.1,0.0,0,0.0,0,0.0,arnaud-revaz-1,0,0.0,Forward,0.0,0,maryland,,0,,0,0.0,0,,,0,0,,0,0.0,,0.0,-0.006
2021-22,Gabe Brown,7.7,41,1.0,10,5.3,big-ten,1.3,11.0,105,0.9,0.537,334,0.428,143,0.198,66,0.894,59,36,36,,1039,4.1,3.7,32,2.4,57,16.2,gabe-brown-2,418,367.0,Forward,1.4,25,michigan-state,0.572,191,0.382,73,7.6,137,0.572,9.0,36,143,0.49,70,19.8,,3.3,0.128
2021-22,Marcus Bingham,3.0,9,12.7,77,10.3,big-ten,5.7,26.5,160,1.6,0.57,236,0.534,126,0.318,75,0.747,56,35,32,,655,4.7,11.0,59,1.7,70,28.7,marcus-bingham-1,325,285.0,Forward,2.9,32,michigan-state,0.174,41,0.415,17,19.2,219,0.598,13.4,42,195,0.559,109,24.5,,3.3,0.201
2021-22,Max Christie,8.6,51,1.7,17,1.9,big-ten,1.1,9.2,91,0.8,0.449,293,0.382,112,0.253,74,0.824,61,35,35,,1078,0.8,3.4,30,0.9,39,10.5,max-christie-1,324,309.0,Guard,1.0,18,michigan-state,0.42,123,0.317,39,6.4,121,0.494,13.7,52,170,0.429,73,18.1,,1.7,0.063
2021-22,Malik Hall,10.0,39,1.0,7,4.4,big-ten,1.6,15.5,112,0.9,0.577,235,0.515,121,0.302,71,0.69,49,36,7,,784,2.8,8.4,54,1.7,71,17.9,malik-hall-1,320,299.0,Forward,1.6,21,michigan-state,0.289,68,0.426,29,12.2,166,0.595,16.0,51,167,0.551,92,20.9,,2.6,0.131
2021-22,Tyson Walker,36.0,153,0.7,5,4.1,big-ten,1.4,5.6,42,0.7,0.498,246,0.427,105,0.256,63,0.81,51,36,28,,812,2.6,0.7,5,1.6,59,16.2,tyson-walker-1,296,333.0,Guard,2.5,34,michigan-state,0.301,74,0.473,35,3.3,47,0.536,19.3,66,172,0.407,70,21.6,,2.3,0.115
2021-22,Joey Hauser,13.7,58,0.8,6,5.0,big-ten,2.0,19.0,136,0.9,0.554,184,0.446,82,0.315,58,0.862,50,35,29,,776,3.0,8.0,51,1.8,87,15.9,joey-hauser-1,254,263.0,Forward,0.8,11,michigan-state,0.533,98,0.408,40,13.8,187,0.6,16.9,43,86,0.488,42,16.8,,2.6,0.137
2021-22,A.J. Hoggard,46.1,174,2.5,17,3.6,big-ten,1.5,10.2,68,0.8,0.455,221,0.439,97,0.367,81,0.63,51,36,8,,728,2.1,2.3,14,1.1,60,17.0,aj-hoggard-1,252,320.0,Guard,2.0,25,michigan-state,0.145,32,0.219,7,6.5,82,0.486,21.5,71,189,0.476,90,23.3,,1.9,0.107
2021-22,Julius Marble,3.6,9,4.0,19,2.2,big-ten,2.6,18.9,90,0.7,0.592,152,0.592,90,0.421,64,0.766,49,36,4,,517,-0.4,7.1,30,1.0,85,18.2,julius-marble-2,229,196.0,Forward,1.4,12,michigan-state,0.007,1,0.0,0,13.3,120,0.628,18.4,41,151,0.596,90,22.1,,1.7,0.131
2021-22,Jaden Akins,8.2,25,1.8,9,3.2,big-ten,3.3,12.7,62,0.7,0.482,109,0.394,43,0.257,28,0.607,17,36,1,,532,-0.1,5.3,23,0.4,45,10.8,jaden-akins-1,122,125.0,Guard,2.4,22,michigan-state,0.459,50,0.38,19,9.2,85,0.499,16.4,24,59,0.407,24,14.1,,1.0,0.077
2021-22,Mady Sissoko,1.3,1,10.5,13,-1.5,big-ten,4.0,17.8,22,0.2,0.632,19,0.632,12,1.105,21,0.429,9,30,0,,134,-5.5,7.3,8,0.1,33,10.9,mady-sissoko-1,33,31.0,Center,0.4,1,michigan-state,0.0,0,,0,12.9,30,0.569,21.6,8,19,0.632,12,14.1,,0.3,0.082
2021-22,Pierre Brooks,7.3,4,0.0,0,-3.5,big-ten,-1.3,10.5,9,0.0,0.35,20,0.3,6,0.65,13,0.692,9,25,0,,93,-2.2,3.9,3,0.0,0,5.4,pierre-brooks-1,23,24.0,Guard,0.0,0,michigan-state,0.55,11,0.182,2,7.4,12,0.439,21.1,7,9,0.444,4,18.3,,0.0,0.002
2021-22,Keon Coleman,0.0,0,0.0,0,7.8,big-ten,10.1,0.0,0,0.0,0.5,5,0.4,2,0.0,0,,0,6,0,,10,-2.3,12.2,1,-0.1,0,17.1,keon-coleman-1,5,4.0,Forward,17.7,3,michigan-state,0.4,2,0.5,1,5.7,1,0.5,37.5,3,3,0.333,1,41.0,,0.0,-0.059
2021-22,Maliq Carr,0.0,0,0.0,0,-0.2,big-ten,0.7,0.0,0,0.0,,0,,0,,0,,0,1,0,,1,-1.0,0.0,0,0.0,0,0.0,maliq-carr-1,0,0.0,Guard,0.0,0,michigan-state,,0,,0,0.0,0,,,0,0,,0,0.0,,0.0,0.003
2021-22,Steven Izzo,0.0,0,0.0,0,-10.4,big-ten,-0.7,0.0,0,0.0,0.0,1,0.0,0,0.0,0,,0,8,0,,8,-9.7,0.0,0,0.0,1,-0.1,steven-izzo-1,0,0.0,Guard,7.4,1,michigan-state,1.0,1,0.0,0,0.0,0,0.0,0.0,0,0,,0,6.4,,0.0,-0.018
2021-22,Michael Peterson,0.0,0,8.3,1,-7.9,big-ten,0.3,16.7,2,0.0,0.0,2,0.0,0,0.0,0,,0,9,0,,13,-8.1,0.0,0,-0.1,0,-5.8,michael-peterson-1,0,0.0,Guard,0.0,0,michigan-state,0.5,1,0.0,0,8.8,2,0.0,33.3,1,1,0.0,0,11.8,,0.0,-0.138
2021-22,Davis Smith,7.7,1,0.0,0,-9.1,big-ten,-1.0,5.4,1,0.0,0.0,2,0.0,0,0.5,1,0.0,0,12,0,,20,-8.1,0.0,0,-0.1,2,-7.8,davis-smith-1,0,1.0,Guard,0.0,0,michigan-state,0.5,1,0.0,0,2.9,1,0.0,28.8,1,1,0.0,0,8.9,,-0.1,-0.109
2021-22,Hunter Dickinson,16.0,73,5.0,49,10.7,big-ten,2.9,22.6,199,1.4,0.588,426,0.563,240,0.272,116,0.802,93,32,32,,1034,7.8,9.1,75,4.2,87,28.8,hunter-dickinson-1,594,556.0,Center,0.9,15,michigan,0.15,64,0.328,21,16.1,274,0.617,11.9,65,362,0.605,219,27.4,,5.6,0.218
2021-22,Eli Brooks,15.0,100,0.3,4,6.2,big-ten,2.3,10.3,107,1.1,0.524,347,0.444,154,0.233,81,0.877,71,34,34,,1223,3.9,1.9,19,2.8,42,16.4,eli-brooks-1,435,421.0,Guard,1.9,40,michigan,0.409,142,0.394,56,6.2,126,0.564,11.3,49,205,0.478,98,18.4,,3.9,0.128
2021-22,Caleb Houstan,7.4,46,0.8,8,3.1,big-ten,1.2,11.7,108,0.9,0.489,284,0.384,109,0.292,83,0.783,65,34,34,,1088,1.9,3.1,27,1.4,57,11.8,caleb-houstan-1,343,321.0,Guard,1.4,25,michigan,0.595,169,0.355,60,7.5,135,0.53,13.9,52,115,0.426,49,17.9,,2.3,0.084
2021-22,DeVante Jones,29.5,151,0.4,4,5.6,big-ten,2.2,14.1,114,1.0,0.513,272,0.463,126,0.283,77,0.792,61,33,33,,949,3.4,4.6,35,2.2,85,17.9,devante-jones-2,340,388.0,Guard,1.9,31,michigan,0.29,79,0.342,27,9.5,149,0.551,18.7,71,193,0.513,99,20.7,,3.2,0.134
2021-22,Moussa Diabate,6.2,26,3.7,28,2.8,big-ten,1.1,17.0,115,0.9,0.549,216,0.542,117,0.389,84,0.619,52,32,26,,796,1.6,11.9,76,1.6,86,17.6,moussa-diabate-1,289,290.0,Forward,0.8,11,michigan,0.065,14,0.214,3,14.5,191,0.565,15.5,47,202,0.564,114,19.7,,2.5,0.124
2021-22,Terrance Williams II,6.0,16,0.2,1,2.7,big-ten,0.8,13.3,53,0.3,0.545,110,0.455,50,0.3,33,0.788,26,31,1,,469,1.9,5.3,20,1.0,42,12.9,terrance-williamsii-1,146,137.0,Forward,0.5,4,michigan,0.473,52,0.385,20,9.4,73,0.581,10.7,15,58,0.517,30,15.5,,1.3,0.111
2021-22,Brandon Johns Jr,4.5,11,2.3,9,0.7,big-ten,1.6,13.7,48,0.4,0.412,97,0.361,35,0.289,28,0.714,20,31,9,,412,-0.9,3.9,13,0.0,25,8.1,brandon-johnsjr-1,100,97.0,Forward,1.2,8,michigan,0.351,34,0.294,10,9.0,61,0.453,16.0,21,63,0.397,25,16.5,,0.4,0.04
2021-22,Frankie Collins,22.2,43,0.6,2,-0.2,big-ten,2.4,15.9,46,0.4,0.445,82,0.427,35,0.415,34,0.441,15,31,1,,340,-2.5,2.6,7,-0.2,35,8.7,frankie-collins-1,88,102.0,Guard,2.1,12,michigan,0.22,18,0.167,3,9.4,53,0.448,26.3,35,64,0.5,32,20.3,,0.2,0.023
2021-22,Kobe Bufkin,4.7,8,1.1,3,0.6,big-ten,1.9,9.1,23,0.3,0.43,79,0.38,30,0.278,22,0.773,17,28,0,,298,-1.4,3.8,9,0.1,24,9.4,kobe-bufkin-1,85,80.0,Guard,2.2,11,michigan,0.456,36,0.222,8,6.5,32,0.475,14.4,15,43,0.512,22,18.2,,0.4,0.055
2021-22,Jace Howard,8.0,3,3.2,2,0.5,big-ten,3.2,5.4,3,0.1,0.464,14,0.429,6,0.286,4,0.75,3,14,0,,65,-2.6,7.7,4,0.0,15,8.1,jace-howard-1,16,17.0,Guard,1.8,2,michigan,0.5,7,0.143,1,6.5,7,0.503,20.1,4,7,0.714,5,15.9,,0.1,0.066
2021-22,Jaron Faulds,3.4,1,2.1,1,-4.3,big-ten,0.0,6.9,3,0.0,0.417,12,0.417,5,0.667,8,0.375,3,15,0,,51,-4.2,17.2,7,0.0,12,8.6,jaron-faulds-1,13,16.0,Forward,1.2,1,michigan,0.0,0,,0,11.9,10,0.411,11.2,2,12,0.417,5,18.1,,0.1,0.061
2021-22,Zeb Jackson,10.8,2,3.0,1,3.2,big-ten,2.0,20.2,6,0.0,0.65,10,0.5,5,0.0,0,,0,4,0,,35,1.1,0.0,0,0.0,2,13.7,zeb-jackson-1,13,11.0,Guard,0.0,0,michigan,0.6,6,0.5,3,10.4,6,0.65,23.1,3,4,0.5,2,19.2,,0.1,0.082
2021-22,Adrien Nunez,0.0,0,0.0,0,-5.9,big-ten,-1.0,3.8,1,0.0,0.357,7,0.286,2,0.714,5,0.6,3,10,0,,31,-4.9,4.0,1,0.0,4,2.9,adrien-nunez-1,8,7.0,Guard,0.0,0,michigan,0.857,6,0.167,1,3.9,2,0.427,9.6,1,1,1.0,1,17.3,,0.0,0.018
2021-22,Isaiah Barnes,0.0,0,0.0,0,0.2,big-ten,3.0,19.6,1,0.0,,0,,0,,0,,0,2,0,,6,-2.9,0.0,0,0.0,0,2.8,isaiah-barnes-1,0,0.0,Guard,0.0,0,michigan,,0,,0,10.1,1,,,0,0,,0,0.0,,0.0,0.03
2021-22,Ian Burns,49.6,1,0.0,0,-11.1,big-ten,-3.6,0.0,0,0.0,0.0,1,0.0,0,0.0,0,,0,2,0,,3,-7.5,0.0,0,0.0,0,-1.7,ian-burns-3,0,1.0,Guard,0.0,0,michigan,1.0,1,0.0,0,0.0,0,0.0,0.0,0,0,,0,17.3,,0.0,-0.104
2021-22,Jamison Battle,6.0,28,1.2,12,3.6,big-ten,-0.5,19.4,174,0.9,0.541,413,0.45,186,0.191,79,0.759,60,29,29,,1064,4.1,1.0,9,1.9,54,18.3,jamison-battle-1,507,433.0,Forward,0.6,11,minnesota,0.496,205,0.366,75,10.2,183,0.563,8.0,39,208,0.534,111,25.7,,2.8,0.105
2021-22,Payton Willis,25.9,124,1.4,14,8.3,big-ten,1.8,13.3,118,1.1,0.577,357,0.473,169,0.224,80,0.625,50,29,28,,1054,6.5,2.3,21,2.9,49,22.4,payton-willis-1,462,468.0,Guard,2.4,42,minnesota,0.485,173,0.428,74,7.8,139,0.585,11.6,52,184,0.516,95,23.7,,4.0,0.153
2021-22,E.J. Stephens,9.7,45,0.2,2,1.0,big-ten,0.5,9.7,76,0.7,0.502,250,0.42,105,0.22,55,0.818,45,29,28,,926,0.5,1.9,15,1.0,46,13.0,ej-stephens-1,296,282.0,Guard,1.8,27,minnesota,0.424,106,0.387,41,5.8,91,0.536,11.5,36,144,0.444,64,18.8,,1.7,0.072
2021-22,Luke Loewe,13.0,72,0.1,1,-1.6,big-ten,-0.3,6.6,58,0.5,0.473,226,0.398,90,0.177,40,0.75,30,30,30,,1049,-1.4,1.5,13,0.8,66,9.1,luke-loewe-1,244,255.0,Guard,1.0,17,minnesota,0.451,102,0.333,34,4.0,71,0.498,11.2,31,124,0.452,56,14.7,,1.3,0.049
2021-22,Sean Sutherlin,9.5,29,1.5,9,1.1,big-ten,1.8,17.0,88,0.7,0.49,150,0.48,72,0.52,78,0.705,55,28,4,,616,-0.6,2.7,14,0.7,53,14.9,sean-sutherlin-1,202,197.0,Guard,2.3,23,minnesota,0.087,13,0.231,3,9.8,102,0.54,14.6,32,137,0.504,69,19.9,,1.4,0.089
2021-22,Eric Curry,13.9,50,2.8,19,1.2,big-ten,2.1,20.0,121,0.9,0.415,199,0.412,82,0.246,49,0.714,35,26,25,,720,-0.9,4.8,29,0.2,66,13.5,eric-curry-1,200,221.0,Forward,2.0,23,minnesota,0.06,12,0.083,1,12.3,150,0.45,12.6,32,187,0.433,81,19.7,,1.2,0.065
2021-22,Charlie Daniels,12.6,23,5.2,16,-0.6,big-ten,3.1,11.6,32,0.4,0.432,44,0.432,19,0.182,8,0.625,5,29,5,,328,-3.7,7.6,21,0.0,51,8.4,charlie-daniels-1,43,65.0,Forward,1.9,10,minnesota,0.023,1,0.0,0,9.6,53,0.45,30.5,21,43,0.442,19,11.7,,0.4,0.043
2021-22,Treyton Thompson,6.3,5,4.2,6,-1.2,big-ten,1.2,10.9,14,0.1,0.567,30,0.467,14,0.167,5,0.6,3,19,1,,152,-2.5,6.2,8,0.1,24,10.7,treyton-thompson-1,37,38.0,Center,1.2,3,minnesota,0.5,15,0.4,6,8.6,22,0.571,19.8,8,15,0.533,8,14.8,,0.3,0.07
2021-22,Abdoulaye Thiam,7.7,2,0.0,0,-12.1,big-ten,-1.2,7.3,3,0.0,0.25,16,0.25,4,0.25,4,1.0,4,15,0,,49,-11.0,2.4,1,-0.2,8,-1.3,abdoulaye-thiam-1,12,13.0,Guard,2.5,2,minnesota,0.375,6,0.0,0,4.8,4,0.335,21.8,5,10,0.4,4,26.1,,-0.1,-0.111
2021-22,Will Ramberg,3.6,1,0.0,0,-3.9,big-ten,-0.1,4.9,2,0.0,0.4,5,0.4,2,0.6,3,0.333,1,13,0,,48,-3.8,4.9,2,0.0,2,3.2,will-ramberg-1,5,6.0,Guard,1.3,1,minnesota,0.2,1,0.0,0,4.9,4,0.389,23.7,2,4,0.5,2,9.8,,0.0,-0.009
2021-22,Danny Ogele,0.0,0,10.3,4,-8.6,big-ten,0.3,20.3,7,0.1,0.125,8,0.125,1,0.0,0,,0,13,0,,41,-8.9,5.8,2,-0.2,3,1.5,danny-ogele-2,2,3.0,Forward,1.5,1,minnesota,0.25,2,0.0,0,13.0,9,0.125,20.0,2,6,0.167,1,13.6,,-0.1,-0.081
2021-22,Joey Kern,0.0,0,0.0,0,-17.1,big-ten,-1.8,39.6,1,0.0,0.0,1,0.0,0,0.0,0,,0,2,0,,3,-15.3,0.0,0,0.0,0,-10.2,joey-kern-1,0,0.0,Guard,0.0,0,minnesota,0.0,0,,0,19.7,1,0.0,0.0,0,1,0.0,0,18.6,,0.0,-0.237
2021-22,Bryce McGowens,8.6,43,1.0,10,1.3,big-ten,-1.0,14.6,139,0.6,0.453,397,0.403,160,0.491,195,0.831,162,31,31,,1032,2.3,2.4,22,1.6,62,16.9,bryce-mcgowens-1,522,486.0,Guard,1.2,22,nebraska,0.368,146,0.274,40,8.7,161,0.533,11.7,65,251,0.478,120,27.2,,2.2,0.086
2021-22,Alonzo Verge Jr.,42.8,169,0.9,7,4.1,big-ten,1.3,15.4,125,0.9,0.48,366,0.456,167,0.344,126,0.77,97,31,31,,881,2.8,1.9,15,1.3,63,21.1,alonzo-vergejr-1,448,496.0,Guard,3.2,50,nebraska,0.148,54,0.315,17,8.9,140,0.526,19.6,104,312,0.481,150,30.5,,2.2,0.102
2021-22,Derrick Walker,11.1,45,3.7,29,3.3,big-ten,1.1,16.6,128,0.7,0.683,189,0.683,129,0.328,62,0.726,45,32,32,,839,2.2,8.8,65,2.2,93,20.0,derrick-walker-1,303,308.0,Forward,1.6,24,nebraska,0.005,1,0.0,0,12.8,193,0.694,19.5,53,188,0.686,129,16.4,,2.9,0.139
2021-22,C.J. Wilcher,6.3,26,0.4,3,2.3,big-ten,0.0,7.7,56,0.3,0.593,199,0.462,92,0.176,35,0.629,22,32,2,,788,2.3,2.5,17,1.1,42,12.8,cj-wilcher-1,258,231.0,Guard,1.8,25,nebraska,0.643,128,0.406,52,5.2,73,0.598,12.6,31,71,0.563,40,15.9,,1.4,0.07
2021-22,Kobe Webster,12.2,39,0.0,0,-1.1,big-ten,-0.7,7.6,42,0.2,0.479,168,0.375,63,0.214,36,0.667,24,30,1,,600,-0.3,0.4,2,0.3,38,9.3,kobe-webster-1,185,177.0,Guard,1.4,15,nebraska,0.577,97,0.361,35,4.1,44,0.5,13.1,28,71,0.394,28,18.0,,0.4,0.029
2021-22,Lat Mayen,5.5,22,1.5,10,-1.6,big-ten,-0.2,14.7,99,0.4,0.473,168,0.387,65,0.202,34,0.735,25,31,31,,733,-1.4,3.0,19,0.2,75,8.4,lat-mayen-1,184,178.0,Forward,1.0,13,nebraska,0.577,97,0.299,29,9.0,118,0.5,14.4,31,71,0.507,36,14.9,,0.6,0.034
2021-22,Keisei Tominaga,7.0,18,0.2,1,2.4,big-ten,0.7,8.1,37,0.3,0.487,158,0.373,59,0.12,19,0.842,16,30,11,,494,1.7,1.8,8,0.6,20,13.2,keisei-tominaga-1,170,155.0,Guard,2.6,23,nebraska,0.69,109,0.33,36,5.1,45,0.509,5.6,10,49,0.469,23,18.2,,0.8,0.067
2021-22,Trey McGowens,10.2,26,1.0,4,1.2,big-ten,2.5,13.1,55,0.4,0.449,88,0.409,36,0.659,58,0.621,36,17,16,,455,-1.3,3.5,14,0.2,48,11.1,trey-mcgowens-1,115,123.0,Guard,3.3,27,nebraska,0.216,19,0.368,7,8.4,69,0.498,18.4,26,69,0.42,29,15.8,,0.6,0.055
2021-22,Eduardo Andre,4.9,9,5.0,16,-1.4,big-ten,2.1,22.4,71,0.5,0.571,63,0.571,36,0.667,42,0.524,22,30,0,,345,-3.5,8.3,25,0.0,63,12.7,eduardo-andre-1,94,99.0,Center,2.7,17,nebraska,0.016,1,0.0,0,15.5,96,0.567,28.5,33,62,0.581,36,17.0,,0.5,0.063
2021-22,Wilhelm Breidenbach,7.0,6,4.1,6,-2.0,big-ten,2.7,13.9,20,0.2,0.397,39,0.359,14,0.308,12,0.5,6,10,0,,157,-4.7,5.1,7,-0.1,33,8.9,wilhelm-breidenbach-1,37,40.0,Forward,3.5,10,nebraska,0.513,20,0.15,3,9.6,27,0.414,13.5,7,19,0.579,11,16.7,,0.1,0.034
2021-22,Trevor Lakes,4.8,2,1.5,1,-4.3,big-ten,-1.1,9.2,6,0.0,0.393,14,0.286,4,0.143,2,0.5,1,8,0,,71,-3.2,1.6,1,0.0,7,5.2,trevor-lakes-1,12,12.0,Forward,1.6,2,nebraska,0.929,13,0.231,3,5.5,7,0.401,6.3,1,1,1.0,1,11.4,,0.0,0.012
2021-22,Keon Edwards,3.1,2,0.0,0,-9.9,big-ten,-2.5,9.1,9,0.0,0.214,21,0.19,4,0.095,2,0.5,1,19,5,,107,-7.4,5.3,5,-0.2,12,-1.8,keon-edwards-1,10,13.0,Forward,1.0,2,nebraska,0.714,15,0.067,1,7.3,14,0.228,18.6,5,6,0.5,3,12.8,,-0.2,-0.078
2021-22,Jackson Cronin,0.0,0,0.0,0,0.5,big-ten,-2.0,7.3,1,0.0,0.7,5,0.6,3,0.4,2,0.0,0,12,0,,15,2.5,0.0,0,0.0,0,15.9,jackson-cronin-1,7,5.0,Guard,0.0,0,nebraska,0.2,1,1.0,1,3.7,1,0.588,0.0,0,4,0.5,2,20.1,,0.0,0.06
2021-22,Chris McGraw,19.6,1,0.0,0,-2.6,big-ten,-1.1,0.0,0,0.0,,0,,0,,0,,0,6,0,,8,-1.5,0.0,0,0.0,0,4.8,chris-mcgraw-1,0,1.0,Guard,0.0,0,nebraska,,0,,0,0.0,0,,,0,0,,0,0.0,,0.0,0.029
2021-22,Pete Nance,22.0,81,5.2,34,9.3,big-ten,2.7,23.4,162,1.2,0.56,334,0.497,166,0.246,82,0.768,63,30,29,,817,6.6,4.3,32,2.6,62,24.7,pete-nance-1,437,406.0,Forward,0.6,9,northwestern,0.278,93,0.452,42,13.4,194,0.586,10.6,44,241,0.515,124,26.1,,3.8,0.186
2021-22,Boo Buie,29.8,134,0.4,3,3.6,big-ten,0.1,8.3,64,0.9,0.48,373,0.397,148,0.263,98,0.796,78,31,30,,914,3.6,1.7,14,2.0,58,17.8,boo-buie-1,436,440.0,Guard,1.5,24,northwestern,0.488,182,0.341,62,4.8,78,0.52,12.1,58,191,0.45,86,26.7,,2.8,0.124
2021-22,Ryan Young,12.0,29,2.3,10,3.7,big-ten,0.9,18.5,83,0.7,0.562,186,0.559,104,0.548,102,0.676,69,31,1,,530,2.8,9.8,48,1.6,62,23.0,ryan-young-2,278,263.0,Guard,1.2,11,northwestern,0.032,6,0.167,1,14.0,131,0.593,13.6,37,180,0.572,103,26.2,,2.3,0.172
2021-22,Chase Audige,13.8,46,1.5,8,1.9,big-ten,2.9,13.0,71,1.1,0.39,260,0.338,88,0.177,46,0.717,33,24,24,,644,-0.9,5.1,30,0.0,63,13.0,chase-audige-1,236,238.0,Guard,3.8,42,northwestern,0.415,108,0.25,27,8.9,101,0.419,10.2,32,152,0.401,61,24.9,,1.1,0.068
2021-22,Ty Berry,9.2,34,0.7,4,0.9,big-ten,1.3,11.3,66,0.8,0.522,201,0.388,78,0.149,30,0.667,20,31,17,,686,-0.3,0.6,4,0.8,59,11.8,ty-berry-1,230,199.0,Guard,1.8,21,northwestern,0.692,139,0.388,54,5.8,70,0.534,8.9,21,62,0.387,24,17.6,,1.6,0.092
2021-22,Robbie Beran,5.4,20,4.2,23,2.4,big-ten,2.2,17.9,103,1.1,0.564,156,0.468,73,0.179,28,0.75,21,31,29,,680,0.1,4.6,29,1.0,75,14.5,robbie-beran-1,197,180.0,Forward,1.8,21,northwestern,0.526,82,0.366,30,11.0,132,0.582,11.0,21,74,0.581,43,14.3,,2.1,0.123
2021-22,Ryan Greer,19.1,66,0.0,0,0.5,big-ten,1.6,9.5,48,0.6,0.459,111,0.396,44,0.171,19,0.947,18,31,2,,596,-1.1,2.0,11,0.6,27,10.6,ryan-greer-1,120,140.0,Guard,1.7,17,northwestern,0.315,35,0.4,14,5.6,59,0.5,15.5,22,76,0.395,30,12.2,,1.2,0.082
2021-22,Julian Roper II,8.1,28,3.0,14,2.2,big-ten,2.8,13.5,67,0.9,0.421,114,0.342,39,0.246,28,0.714,20,29,15,,586,-0.6,5.9,32,0.5,50,11.4,julian-roperii-1,116,130.0,Guard,2.5,25,northwestern,0.447,51,0.353,18,9.5,99,0.456,9.3,13,63,0.333,21,12.2,,1.4,0.094
2021-22,Elyjah Williams,10.4,21,1.0,3,-0.2,big-ten,1.5,12.6,40,0.4,0.5,89,0.472,42,0.18,16,0.438,7,29,1,,373,-1.7,5.8,20,0.2,38,10.4,elyjah-williams-1,96,99.0,Forward,1.7,11,northwestern,0.258,23,0.217,5,9.1,60,0.497,17.2,20,66,0.561,37,16.0,,0.6,0.067
2021-22,Casey Simmons,7.3,13,0.8,2,-1.7,big-ten,1.3,8.7,23,0.4,0.444,63,0.413,26,0.349,22,0.545,12,27,7,,312,-3.1,6.3,18,0.0,30,8.4,casey-simmons-1,68,74.0,Guard,2.2,12,northwestern,0.254,16,0.25,4,7.4,41,0.463,17.9,16,47,0.468,22,14.7,,0.4,0.053
2021-22,Matthew Nicholson,14.6,5,5.7,3,0.2,big-ten,2.6,26.8,15,0.1,0.692,13,0.692,9,1.308,17,0.529,9,15,0,,66,-2.4,8.2,5,0.2,14,20.4,matthew-nicholson-1,27,27.0,Center,0.9,1,northwestern,0.0,0,,0,17.1,20,0.641,19.2,5,13,0.692,9,20.2,,0.3,0.175
2021-22,Brooks Barnhizer,23.1,11,4.6,3,-0.3,big-ten,3.0,8.6,6,0.1,0.269,26,0.231,6,0.231,6,0.833,5,11,0,,82,-3.4,2.6,2,0.0,5,11.3,brooks-barnhizer-1,19,24.0,Guard,4.3,6,northwestern,0.423,11,0.182,2,5.5,8,0.329,9.4,3,15,0.267,4,19.8,,0.1,0.051
2021-22,Roy Dixon III,26.7,2,9.6,1,14.2,big-ten,10.4,0.0,0,0.0,0.5,2,0.5,1,0.0,0,,0,6,0,,13,3.8,0.0,0,0.0,1,12.6,roy-dixoniii-1,2,3.0,Guard,4.5,1,northwestern,0.0,0,,0,0.0,0,0.5,33.3,1,2,0.5,1,11.8,,0.0,0.072
2021-22,Dylan Sandhu,0.0,0,0.0,0,-32.6,big-ten,-0.7,0.0,0,0.0,,0,,0,,0,,0,3,0,,1,-31.9,0.0,0,0.0,1,-17.1,dylan-sandhu-1,0,0.0,Guard,0.0,0,northwestern,,0,,0,0.0,0,,,0,0,,0,0.0,,0.0,0.03
2021-22,E.J. Liddell,17.0,80,8.5,83,11.8,big-ten,3.3,19.3,182,1.6,0.546,414,0.49,203,0.534,221,0.765,169,32,32,,1062,8.5,8.9,72,4.6,80,30.5,ej-liddell-1,621,612.0,Forward,1.0,18,ohio-state,0.297,123,0.374,46,14.5,254,0.598,12.9,77,291,0.54,157,30.5,,6.3,0.236
2021-22,Malaki Branham,14.5,64,1.0,9,5.7,big-ten,0.9,10.5,89,0.8,0.556,321,0.498,160,0.299,96,0.833,80,32,31,,948,4.8,3.5,25,2.9,56,20.4,malaki-branham-1,437,411.0,Guard,1.5,23,ohio-state,0.277,89,0.416,37,7.3,114,0.596,12.8,54,232,0.53,123,24.1,,3.6,0.154
2021-22,Zed Key,5.6,15,4.5,24,2.5,big-ten,0.7,20.5,105,0.7,0.562,169,0.562,95,0.367,62,0.581,36,29,23,,575,1.7,13.3,58,1.4,69,20.4,zed-key-1,226,226.0,Forward,0.6,6,ohio-state,0.0,0,,0,17.2,163,0.569,14.3,33,169,0.562,95,21.9,,2.1,0.146
2021-22,Jamari Wheeler,18.0,91,0.2,2,4.0,big-ten,2.6,10.0,81,0.9,0.572,166,0.458,76,0.217,36,0.861,31,31,31,,914,1.4,2.4,17,1.5,75,13.3,jamari-wheeler-1,221,245.0,Guard,2.6,39,ohio-state,0.59,98,0.388,38,6.5,98,0.603,21.8,51,68,0.559,38,13.9,,2.5,0.108
2021-22,Kyle Young,10.5,33,2.6,15,6.4,big-ten,2.1,18.1,99,0.7,0.549,154,0.5,77,0.429,66,0.788,52,27,4,,614,4.4,7.7,36,1.7,50,19.6,kyle-young-3,221,224.0,Forward,1.3,13,ohio-state,0.331,51,0.294,15,13.3,135,0.596,13.5,29,103,0.602,62,19.0,,2.4,0.159
2021-22,Justin Ahrens,7.2,26,0.2,1,1.3,big-ten,0.4,12.2,70,0.5,0.515,133,0.346,46,0.18,24,0.75,18,32,19,,644,0.9,1.0,5,0.7,42,8.8,justin-ahrens-1,155,144.0,Forward,0.9,9,ohio-state,0.955,127,0.354,45,7.1,75,0.537,13.2,22,6,0.167,1,14.0,,1.1,0.07
2021-22,Cedric Russell,6.5,13,0.0,0,1.9,big-ten,-0.1,5.5,19,0.1,0.576,105,0.438,46,0.086,9,0.667,6,30,0,,386,2.0,0.0,0,0.6,22,10.6,cedric-russell-1,127,107.0,Guard,0.6,4,ohio-state,0.638,67,0.433,29,3.0,19,0.581,12.1,15,38,0.447,17,17.5,,0.7,0.073
2021-22,Meechie Johnson Jr.,12.1,31,0.7,3,-1.3,big-ten,0.9,7.8,32,0.4,0.421,120,0.308,37,0.158,19,0.737,14,26,5,,461,-2.2,2.3,8,-0.2,40,6.5,meechie-johnsonjr-1,115,120.0,Guard,2.3,17,ohio-state,0.7,84,0.321,27,5.3,40,0.446,21.3,35,36,0.278,10,19.3,,0.2,0.019
2021-22,Eugene Brown III,5.7,14,1.7,7,1.9,big-ten,1.5,11.2,44,0.3,0.494,77,0.442,34,0.299,23,0.609,14,26,10,,441,0.4,5.7,19,0.4,42,9.1,eugene-browniii-1,90,94.0,Guard,0.7,5,ohio-state,0.455,35,0.229,8,8.7,63,0.512,13.7,14,42,0.619,26,12.6,,0.8,0.07
2021-22,Joey Brunk,5.6,6,3.0,6,3.3,big-ten,2.9,20.5,39,0.3,0.63,46,0.63,29,0.283,13,0.769,10,28,5,,214,0.3,3.7,6,0.4,28,16.9,joey-brunk-1,68,60.0,Forward,1.7,6,ohio-state,0.0,0,,0,12.7,45,0.652,16.1,10,46,0.63,29,15.8,,0.7,0.136
2021-22,Jimmy Sotos,30.2,25,1.5,2,4.4,big-ten,1.3,9.2,12,0.1,0.684,19,0.526,10,0.526,10,0.8,8,19,0,,146,3.1,0.9,1,0.5,17,15.9,jimmy-sotos-1,34,44.0,Guard,0.8,2,ohio-state,0.526,10,0.6,6,5.4,13,0.716,20.2,6,9,0.444,4,11.1,,0.6,0.161
2021-22,Justice Sueing,0.0,0,0.0,0,-9.8,big-ten,-3.3,21.7,6,0.0,0.385,13,0.385,5,0.154,2,1.0,2,2,0,,31,-6.5,4.2,1,0.0,3,10.1,justice-sueing-2,12,11.0,Forward,2.0,1,ohio-state,0.308,4,0.0,0,13.7,7,0.43,12.5,2,9,0.556,5,28.0,,0.0,0.026
2021-22,Harrison Hookfin,25.4,2,0.0,0,9.7,big-ten,5.0,0.0,0,0.0,0.333,3,0.333,1,0.0,0,,0,7,0,,14,4.7,18.8,2,0.0,1,17.3,harrison-hookfin-1,2,4.0,Forward,4.4,1,ohio-state,0.0,0,,0,8.7,2,0.333,0.0,0,3,0.333,1,11.6,,0.0,0.142
2021-22,Jalen Pickett,26.0,135,1.9,19,5.7,big-ten,2.5,11.8,115,1.3,0.482,383,0.42,161,0.154,59,0.746,44,31,31,,1154,3.2,2.0,18,2.3,59,17.3,jalen-pickett-1,413,435.0,Guard,1.9,35,penn-state,0.384,147,0.32,47,7.0,133,0.502,11.8,55,236,0.483,114,22.5,,3.5,0.122
2021-22,Sam Sessoms,22.4,82,0.3,2,2.7,big-ten,1.1,10.7,78,0.8,0.503,310,0.448,139,0.194,60,0.783,47,31,10,,857,1.5,2.5,17,1.2,55,16.3,sam-sessoms-1,359,352.0,Guard,1.9,25,penn-state,0.261,81,0.42,34,6.7,95,0.53,16.9,69,229,0.459,105,26.5,,2.1,0.096
2021-22,Seth Lundy,4.6,21,2.4,20,2.6,big-ten,1.7,14.7,121,1.2,0.5,304,0.395,120,0.197,60,0.867,52,30,30,,971,0.9,3.2,25,0.8,68,13.9,seth-lundy-1,356,315.0,Forward,2.0,30,penn-state,0.605,184,0.348,64,9.1,146,0.535,15.9,63,120,0.467,56,22.7,,2.1,0.085
2021-22,John Harrar,10.3,38,1.0,7,6.8,big-ten,1.2,29.2,207,1.3,0.64,197,0.64,126,0.579,114,0.667,76,31,31,,837,5.6,16.9,113,3.1,70,26.4,john-harrar-1,328,346.0,Forward,1.2,16,penn-state,0.0,0,,0,23.2,320,0.653,16.6,50,197,0.64,126,20.0,,4.4,0.208
2021-22,Myles Dread,10.0,43,0.3,2,4.4,big-ten,3.4,9.7,69,0.9,0.579,158,0.405,64,0.095,15,0.667,10,31,20,,836,1.0,2.1,14,1.3,69,11.8,myles-dread-1,193,184.0,Guard,2.4,31,penn-state,0.854,135,0.407,55,6.0,83,0.584,12.2,23,23,0.391,9,12.5,,2.2,0.104
2021-22,Dallion Johnson,4.7,10,0.0,0,-0.4,big-ten,0.1,8.7,31,0.2,0.476,104,0.346,36,0.077,8,0.875,7,29,14,,422,-0.6,0.9,3,0.3,22,7.3,dallion-johnson-1,106,93.0,Guard,0.6,4,penn-state,0.712,74,0.365,27,4.9,34,0.492,10.0,12,30,0.3,9,15.8,,0.5,0.047
2021-22,Greg Lee,6.0,10,0.7,2,0.3,big-ten,1.0,21.2,63,0.4,0.443,97,0.402,39,0.165,16,0.75,12,16,10,,350,-0.8,8.9,25,0.2,36,11.5,greg-lee-1,98,100.0,Guard,0.7,4,penn-state,0.34,33,0.242,8,15.3,88,0.468,14.0,17,64,0.484,31,19.3,,0.6,0.07
2021-22,Jalanni White,6.2,9,3.5,9,-0.1,big-ten,2.8,18.0,45,0.4,0.528,54,0.519,28,0.278,15,0.533,8,28,1,,295,-2.8,11.0,26,0.4,54,13.0,jalanni-white-1,65,72.0,Forward,1.5,7,penn-state,0.148,8,0.125,1,14.6,71,0.532,16.4,12,46,0.587,27,13.8,,0.8,0.107
2021-22,Jaheam Cornwall,7.4,16,0.6,2,-4.4,big-ten,0.6,6.9,23,0.2,0.303,76,0.237,18,0.211,16,0.813,13,25,8,,395,-4.9,0.0,0,-0.5,20,1.2,jaheam-cornwall-1,59,60.0,Guard,1.0,6,penn-state,0.724,55,0.182,10,3.5,23,0.353,18.5,19,21,0.381,8,14.5,,-0.2,-0.025
2021-22,Jevonnie Scott,5.7,2,5.0,3,-6.3,big-ten,4.3,27.0,16,0.1,0.4,15,0.4,6,0.533,8,0.375,3,11,0,,70,-10.6,3.6,2,-0.2,17,3.6,jevonnie-scott-1,15,15.0,Forward,1.8,2,penn-state,0.133,2,0.0,0,15.6,18,0.399,27.1,7,13,0.462,6,20.5,,0.0,-0.015
2021-22,Caleb Dorsey,5.2,2,1.7,1,0.1,big-ten,3.0,10.1,6,0.1,0.409,11,0.273,3,0.182,2,1.0,2,12,0,,70,-3.0,1.8,1,0.0,6,6.4,caleb-dorsey-1,11,11.0,Guard,2.7,3,penn-state,0.818,9,0.333,3,6.1,7,0.46,20.1,3,2,0.0,0,11.9,,0.1,0.043
2021-22,Andy Christos,0.0,0,0.0,0,-12.7,big-ten,-1.8,13.1,1,0.0,0.0,1,0.0,0,0.0,0,,0,4,0,,9,-10.9,0.0,0,0.0,1,-5.6,andy-christos-1,0,0.0,Guard,0.0,0,penn-state,1.0,1,0.0,0,6.7,1,0.0,0.0,0,0,,0,6.2,,0.0,-0.061
2021-22,Dan Conlan,0.0,0,0.0,0,-4.4,big-ten,-0.7,0.0,0,0.0,,0,,0,,0,,0,3,0,,4,-3.7,0.0,0,0.0,0,0.0,dan-conlan-1,0,0.0,Guard,0.0,0,penn-state,,0,,0,0.0,0,,,0,0,,0,0.0,,0.0,0.004
2021-22,Ishaan Jagiasi,0.0,0,0.0,0,-3.1,big-ten,0.5,0.0,0,0.0,,0,,0,,0,,0,2,0,,2,-3.7,0.0,0,0.0,0,0.0,ishaan-jagiasi-1,0,0.0,Guard,0.0,0,penn-state,,0,,0,0.0,0,,,0,0,,0,0.0,,0.0,0.004
2021-22,Irekefe Oweh,0.0,0,0.0,0,-42.8,big-ten,4.4,0.0,0,0.0,0.0,2,0.0,0,0.0,0,,0,2,0,,3,-47.2,0.0,0,-0.1,1,-39.5,irekefe-oweh-1,0,0.0,Guard,21.2,1,penn-state,0.0,0,,0,0.0,0,0.0,33.3,1,2,0.0,0,55.6,,-0.1,-0.694
2021-22,Jaden Ivey,19.2,110,2.0,20,7.2,big-ten,1.6,15.0,152,1.4,0.533,441,0.46,203,0.469,207,0.744,154,36,34,,1132,5.7,2.7,24,3.7,63,22.5,jaden-ivey-1,624,586.0,Guard,1.7,33,purdue,0.406,179,0.358,64,9.3,176,0.579,14.8,94,262,0.531,139,28.7,,5.1,0.181
2021-22,Zach Edey,16.1,44,7.4,46,13.1,big-ten,2.2,26.7,168,1.3,0.648,324,0.648,210,0.537,174,0.649,113,37,33,,703,11.0,21.3,117,4.2,74,40.9,zach-edey-1,533,492.0,Center,0.8,9,purdue,0.0,0,,0,24.2,285,0.655,13.6,64,324,0.648,210,34.4,,5.4,0.31
2021-22,Trevion Williams,34.1,112,3.5,23,11.9,big-ten,4.4,28.7,191,1.6,0.554,333,0.547,182,0.372,124,0.597,74,37,4,,744,7.4,14.4,84,3.0,78,31.9,trevion-williams-1,443,473.0,Forward,2.8,35,purdue,0.042,14,0.357,5,22.0,275,0.565,16.8,79,319,0.555,177,32.5,,4.6,0.245
2021-22,Sasha Stefanovic,16.9,111,0.7,7,4.9,big-ten,0.7,8.4,85,0.8,0.539,296,0.392,116,0.253,75,0.867,65,37,37,,1125,4.2,0.7,6,3.0,58,14.4,sasha-stefanovic-1,384,376.0,Guard,0.7,13,purdue,0.774,229,0.38,87,4.8,91,0.579,11.2,42,67,0.433,29,17.1,,3.9,0.137
2021-22,Eric Hunter Jr.,12.7,73,0.1,1,3.3,big-ten,1.7,7.0,60,0.8,0.561,173,0.462,80,0.312,54,0.685,37,37,19,,956,1.5,2.5,19,1.5,55,11.0,eric-hunterjr-1,231,237.0,Guard,1.5,24,purdue,0.451,78,0.436,34,4.9,79,0.581,17.8,43,95,0.484,46,13.0,,2.3,0.096
2021-22,Mason Gillis,7.6,35,1.0,7,6.1,big-ten,1.8,15.9,110,0.8,0.624,141,0.496,70,0.284,40,0.85,34,33,25,,776,4.3,8.1,49,2.0,62,15.3,mason-gillis-1,210,212.0,Forward,0.9,12,purdue,0.617,87,0.414,36,12.2,159,0.656,14.0,26,54,0.63,34,12.3,,2.8,0.146
2021-22,Isaiah Thompson,9.5,35,0.6,3,2.8,big-ten,0.6,5.0,27,0.4,0.6,110,0.436,48,0.264,29,0.793,23,37,20,,605,2.2,1.9,9,1.3,39,10.8,isaiah-thompson-1,155,146.0,Guard,0.6,6,purdue,0.773,85,0.424,36,3.5,36,0.626,12.1,17,25,0.48,12,12.0,,1.6,0.107
2021-22,Caleb Furst,4.4,13,1.8,8,4.0,big-ten,1.1,15.9,71,0.5,0.64,82,0.573,47,0.561,46,0.717,33,34,12,,498,2.9,9.8,38,1.2,37,15.8,caleb-furst-1,138,138.0,Forward,0.7,6,purdue,0.317,26,0.423,11,13.1,109,0.664,15.5,19,56,0.643,36,12.7,,1.8,0.143
2021-22,Brandon Newman,8.8,16,1.8,5,-0.1,big-ten,1.1,15.6,44,0.4,0.445,109,0.321,35,0.22,24,0.792,19,25,1,,315,-1.2,1.2,3,0.4,33,11.8,brandon-newman-2,116,105.0,Guard,1.9,10,purdue,0.771,84,0.321,27,8.9,47,0.482,10.4,14,25,0.32,8,21.9,,0.8,0.104
2021-22,Ethan Morton,14.5,50,1.7,8,5.8,big-ten,3.9,9.4,46,0.7,0.592,65,0.477,31,0.292,19,0.684,13,37,0,,548,1.8,1.6,7,0.9,28,11.9,ethan-morton-1,90,105.0,Guard,2.4,22,purdue,0.523,34,0.441,15,5.8,53,0.608,18.7,17,31,0.516,16,8.5,,1.5,0.111
2021-22,Carson Barrett,9.1,1,0.0,0,-22.5,big-ten,-7.3,17.7,3,0.0,0.25,8,0.25,2,0.125,1,0.0,0,9,0,,19,-15.2,20.2,3,-0.1,2,-8.2,carson-barrett-1,4,6.0,Guard,0.0,0,purdue,0.375,3,0.0,0,18.8,6,0.236,32.1,4,5,0.4,2,33.7,,-0.1,-0.21
2021-22,Matt Frost,0.0,0,0.0,0,-8.3,big-ten,-2.7,0.0,0,0.0,0.2,5,0.2,1,0.4,2,1.0,2,9,0,,18,-5.6,21.3,3,0.0,2,7.4,matt-frost-1,4,5.0,Forward,3.3,1,purdue,0.0,0,,0,9.9,3,0.336,14.4,1,5,0.2,1,19.8,,0.0,0.045
2021-22,Chase Martin,10.0,1,0.0,0,-24.8,big-ten,-2.5,14.0,2,0.0,0.2,5,0.2,1,0.6,3,0.0,0,8,0,,16,-22.3,0.0,0,-0.1,3,-12.4,chase-martin-1,2,2.0,Guard,3.7,1,purdue,0.0,0,,0,7.5,2,0.156,23.7,2,5,0.2,1,27.1,,-0.1,-0.215
2021-22,Jared Wulbrun,0.0,0,0.0,0,-11.3,big-ten,-2.0,5.6,1,0.0,0.0,2,0.0,0,1.0,2,1.0,2,10,0,,20,-9.2,0.0,0,-0.1,1,-5.5,jared-wulbrun-1,2,2.0,Guard,0.0,0,purdue,0.5,1,0.0,0,3.0,1,0.339,40.4,2,1,0.0,0,12.7,,0.0,-0.086
2021-22,Ron Harper Jr.,11.6,61,2.2,20,6.4,big-ten,1.6,15.6,147,1.5,0.53,387,0.442,171,0.315,122,0.795,97,32,32,,1098,4.8,4.4,41,2.9,65,20.5,ron-harperjr-1,507,458.0,Guard,1.8,33,rutgers,0.442,171,0.398,68,10.0,188,0.57,10.5,52,216,0.477,103,24.0,,4.4,0.159
2021-22,Clifford Omoruyi,2.8,12,5.2,40,4.5,big-ten,1.6,23.0,181,1.5,0.626,258,0.624,161,0.38,98,0.602,59,32,32,,919,2.9,8.8,69,2.3,70,22.6,clifford-omoruyi-1,382,331.0,Center,1.1,17,rutgers,0.023,6,0.167,1,15.9,250,0.627,11.9,41,252,0.635,160,19.9,,3.9,0.168
2021-22,Geo Baker,22.5,108,1.5,12,3.8,big-ten,1.2,5.6,46,0.9,0.477,329,0.398,131,0.164,54,0.741,40,28,27,,963,2.6,1.7,14,1.5,43,15.2,geo-baker-1,354,351.0,Guard,2.1,33,rutgers,0.477,157,0.331,52,3.6,60,0.499,11.3,45,172,0.459,79,22.0,,2.4,0.101
2021-22,Paul Mulcahy,31.2,169,0.9,8,2.1,big-ten,1.4,10.7,94,1.2,0.488,256,0.438,112,0.191,49,0.776,38,32,32,,1029,0.7,4.3,38,1.2,75,14.6,paul-mulcahy-1,288,348.0,Guard,2.1,36,rutgers,0.293,75,0.347,26,7.5,132,0.516,22.9,83,181,0.475,86,18.6,,2.4,0.095
2021-22,Caleb McConnell,12.9,67,1.9,15,3.3,big-ten,4.9,16.5,135,1.9,0.434,219,0.397,87,0.247,54,0.667,36,32,31,,956,-1.5,4.4,36,0.3,89,13.2,caleb-mcconnell-1,226,241.0,Guard,4.5,70,rutgers,0.269,59,0.271,16,10.5,171,0.462,17.5,52,160,0.444,71,16.4,,2.1,0.09
2021-22,Aundre Hyatt,10.0,21,2.3,8,-0.3,big-ten,0.5,17.7,62,0.5,0.399,139,0.353,49,0.295,41,0.634,26,32,1,,408,-0.7,8.1,28,0.2,30,12.3,aundre-hyatt-1,137,139.0,Forward,1.0,7,rutgers,0.345,48,0.271,13,12.9,90,0.432,11.7,21,91,0.396,36,23.3,,0.7,0.066
2021-22,Mawot Mag,6.8,12,2.5,7,-1.4,big-ten,0.8,10.0,28,0.4,0.44,75,0.413,31,0.307,23,0.696,16,28,2,,328,-2.2,8.6,24,0.2,36,10.3,mawot-mag-1,82,86.0,Forward,1.5,8,rutgers,0.227,17,0.235,4,9.3,52,0.477,16.5,17,58,0.466,27,16.6,,0.5,0.067
2021-22,Dean Reiber,12.0,12,6.2,11,3.9,big-ten,3.5,14.4,26,0.3,0.586,64,0.531,34,0.188,12,0.583,7,28,0,,211,0.3,5.6,10,0.3,32,18.0,dean-reiber-1,82,73.0,Forward,2.3,8,rutgers,0.188,12,0.583,7,10.0,36,0.588,17.7,15,52,0.519,27,21.2,,0.6,0.123
2021-22,Jaden Jones,3.4,3,1.4,2,-1.6,big-ten,-1.4,6.0,9,0.1,0.417,66,0.364,24,0.152,10,0.7,7,17,3,,176,-0.2,7.3,11,0.2,7,11.7,jaden-jones-2,62,57.0,Guard,0.7,2,rutgers,0.455,30,0.233,7,6.7,20,0.438,2.7,2,36,0.472,17,21.9,,0.3,0.068
2021-22,Ralph Agee,6.0,4,1.9,2,-3.3,big-ten,0.0,8.5,9,0.1,0.462,26,0.462,12,0.538,14,0.643,9,17,0,,123,-3.4,8.6,9,0.0,13,9.3,ralph-agee-1,33,34.0,Forward,1.0,2,rutgers,0.0,0,,0,8.6,18,0.505,21.6,9,26,0.462,12,17.9,,0.2,0.049
2021-22,Oskar Palmquist,12.0,6,0.0,0,0.6,big-ten,0.6,6.5,5,0.1,0.559,17,0.412,7,0.353,6,0.5,3,15,0,,90,0.1,6.5,5,0.2,11,11.0,oskar-palmquist-1,22,23.0,Forward,1.4,2,rutgers,0.647,11,0.455,5,6.5,10,0.554,13.1,3,6,0.333,2,13.4,,0.2,0.1
2021-22,Jalen Miller,7.2,8,1.3,2,-2.8,big-ten,3.4,6.3,10,0.2,0.353,17,0.353,6,0.235,4,0.75,3,24,0,,184,-6.2,2.6,4,-0.1,29,2.5,jalen-miller-1,15,19.0,Guard,2.3,7,rutgers,0.059,1,0.0,0,4.5,14,0.397,29.7,8,16,0.375,6,7.7,,0.1,0.022
2021-22,Luke Nathan,37.4,2,11.9,1,-3.7,big-ten,4.1,11.7,1,0.0,0.333,3,0.333,1,0.0,0,,0,4,0,,10,-7.8,11.8,1,0.0,3,8.8,luke-nathan-1,2,3.0,Forward,0.0,0,rutgers,0.0,0,,0,11.7,2,0.333,25.0,1,3,0.333,1,21.2,,0.0,0.028
2021-22,Aiden Terry,31.5,1,0.0,0,-28.2,big-ten,0.4,93.4,4,0.0,,0,,0,,0,,0,3,0,,5,-28.7,0.0,0,-0.1,1,-20.4,aiden-terry-1,0,1.0,Guard,0.0,0,rutgers,,0,,0,46.8,4,,100.0,3,0,,0,31.8,,-0.1,-0.414
2021-22,Johnny Davis,14.8,66,2.3,23,8.9,big-ten,3.0,23.8,214,2.0,0.464,492,0.427,210,0.398,196,0.791,155,31,31,,1060,5.8,4.3,41,2.5,63,24.3,jonathan-davis-3,612,577.0,Guard,2.0,36,wisconsin,0.246,121,0.306,37,13.8,255,0.523,10.8,71,371,0.466,173,32.5,,4.5,0.171
2021-22,Brad Davison,12.3,69,0.0,0,6.0,big-ten,2.3,12.5,121,1.5,0.492,362,0.384,139,0.345,125,0.864,108,33,33,,1136,3.6,1.1,11,2.9,79,16.9,brad-davison-1,464,431.0,Guard,1.5,28,wisconsin,0.622,225,0.347,78,6.6,132,0.551,6.4,29,137,0.445,61,20.8,,4.4,0.154
2021-22,Tyler Wahl,10.7,49,2.7,25,6.4,big-ten,3.7,16.5,137,1.7,0.527,281,0.516,145,0.356,100,0.7,70,32,32,,976,2.7,5.9,52,1.8,80,19.0,tyler-wahl-1,366,360.0,Forward,2.3,37,wisconsin,0.132,37,0.162,6,11.1,189,0.557,13.7,52,244,0.57,139,20.5,,3.6,0.146
2021-22,Steven Crowl,11.9,48,1.1,9,5.0,big-ten,1.9,13.5,96,1.0,0.552,230,0.496,114,0.196,45,0.8,36,33,33,,836,3.1,6.4,48,2.0,84,16.5,steven-crowl-1,290,290.0,Forward,0.6,9,wisconsin,0.357,82,0.317,26,9.9,144,0.577,11.0,31,148,0.595,88,17.7,,3.0,0.144
2021-22,Chucky Hepburn,14.3,77,0.5,5,2.4,big-ten,2.9,7.3,63,1.3,0.47,237,0.388,92,0.236,56,0.696,39,33,33,,1022,-0.5,0.8,7,0.8,70,10.6,chucky-hepburn-1,262,263.0,Guard,2.1,36,wisconsin,0.473,112,0.348,39,3.9,70,0.497,12.9,39,125,0.424,53,15.5,,2.2,0.085
2021-22,Chris Vogt,9.4,21,6.5,26,3.1,big-ten,3.8,14.4,52,0.8,0.5,78,0.5,39,0.474,37,0.514,19,33,0,,424,-0.7,13.4,51,0.7,76,15.6,chris-vogt-1,97,124.0,Center,1.5,11,wisconsin,0.013,1,0.0,0,13.9,103,0.507,15.8,18,77,0.506,39,14.1,,1.5,0.138
2021-22,Lorne Bowman II,9.2,11,0.0,0,-0.7,big-ten,2.0,10.8,21,0.3,0.443,61,0.344,21,0.41,25,0.48,12,22,0,,228,-2.7,1.5,3,-0.1,24,7.1,lorne-bowmanii-1,66,63.0,Guard,1.6,6,wisconsin,0.492,30,0.4,12,6.0,24,0.453,15.1,13,31,0.29,9,19.8,,0.2,0.042
2021-22,Ben Carlson,2.5,4,0.4,1,-1.9,big-ten,0.2,16.1,40,0.4,0.341,66,0.333,22,0.197,13,0.538,7,32,2,,292,-2.1,9.5,25,-0.1,17,6.5,ben-carlson-1,52,62.0,Forward,0.4,2,wisconsin,0.318,21,0.048,1,12.7,65,0.36,12.2,10,45,0.467,21,14.8,,0.2,0.033
2021-22,Jahcobi Neath,6.3,8,0.5,1,-0.7,big-ten,1.5,13.1,25,0.3,0.302,43,0.256,11,0.349,15,0.733,11,23,1,,224,-2.2,4.5,9,0.0,13,6.0,jahcobi-neath-1,37,42.0,Guard,1.1,4,wisconsin,0.419,18,0.222,4,8.7,34,0.369,10.7,6,25,0.28,7,13.1,,0.2,0.042
2021-22,Jordan Davis,4.2,4,1.8,3,0.4,big-ten,2.0,10.1,15,0.2,0.425,40,0.325,13,0.075,3,0.333,1,27,0,,175,-1.6,5.7,9,0.0,19,6.7,jordan-davis-24,35,37.0,Guard,1.4,4,wisconsin,0.7,28,0.286,8,7.8,24,0.422,12.7,6,12,0.417,5,14.2,,0.2,0.052
2021-22,Carter Gilmore,8.0,8,2.5,4,-0.1,big-ten,2.9,10.9,16,0.2,0.278,27,0.259,7,0.259,7,0.571,4,22,0,,173,-3.0,3.9,6,0.0,20,4.4,carter-gilmore-1,19,24.0,Forward,0.7,2,wisconsin,0.481,13,0.077,1,7.3,22,0.313,6.2,2,14,0.429,6,9.8,,0.2,0.041
2021-22,Markus Ilver,0.0,0,0.0,0,-16.8,big-ten,-1.9,12.2,3,0.0,0.125,8,0.125,1,0.5,4,0.75,3,8,0,,29,-15.0,3.8,1,-0.1,7,-7.7,markus-ilver-1,5,5.0,Forward,0.0,0,wisconsin,0.625,5,0.0,0,7.9,4,0.253,16.8,2,3,0.333,1,21.5,,-0.1,-0.101
2021-22,Isaac Lindsey,0.0,0,0.0,0,-7.9,big-ten,-2.7,0.0,0,0.0,0.3,5,0.2,1,0.0,0,,0,6,0,,13,-5.1,0.0,0,0.0,0,-1.3,isaac-lindsey-1,3,3.0,Guard,0.0,0,wisconsin,0.6,3,0.333,1,0.0,0,0.3,0.0,0,2,0.0,0,20.2,,0.0,-0.052
2021-22,Carter Higginbottom,0.0,0,0.0,0,-34.0,big-ten,-6.7,0.0,0,0.0,0.0,1,0.0,0,0.0,0,,0,6,0,,6,-27.3,0.0,0,-0.1,2,-34.8,carter-higginbottom-1,0,0.0,Guard,0.0,0,wisconsin,0.0,0,,0,0.0,0,0.0,66.7,2,1,0.0,0,26.2,,-0.1,-0.447
2021-22,Justin Taphorn,0.0,0,0.0,0,-14.1,big-ten,-2.9,0.0,0,0.0,,0,,0,,0,,0,4,0,,5,-11.2,0.0,0,0.0,0,-12.7,justin-taphorn-1,0,0.0,Guard,0.0,0,wisconsin,,0,,0,0.0,0,,100.0,1,0,,0,10.5,,0.0,-0.187
